code,name,type
02,Амортизация основных средств,balance
10,Материалы,balance
20,Основное производство,pl
26,Общехозяйственные расходы,pl
44,Расходы на продажу,pl
51,Расчётные счета,balance
60,Расчёты с поставщиками и подрядчиками,balance
62,Расчёты с покупателями и заказчиками,balance
66,Краткосрочные кредиты и займы,balance
68.02,Налог на добавленную стоимость,balance
68.04,Налог на прибыль,balance
69,Страховые взносы,balance
70,Расчёты с персоналом по оплате труда,balance
76,Расчёты с разными дебиторами и кредиторами,balance
90.01,Выручка,pl
90.02,Себестоимость продаж,pl
90.03,Налог на добавленную стоимость,pl
90.07,Расходы на продажу,pl
90.08,Управленческие расходы,pl
90.09,Прибыль / убыток от продаж,pl
91.01,Прочие доходы,pl
91.02,Прочие расходы,pl
91.09,Сальдо прочих доходов и расходов,pl
99,Прибыли и убытки,pl
