account,side,cost_item,article
90.01,C,,Выручка
90.03,D,,Выручка
20,D,Материалы,Материалы
20,D,ФОТ,Персонал производства
20,D,Страховые взносы,Персонал производства
20,D,Энергия,Энергия
20,D,Ремонты,Ремонты
20,D,Прочие производственные,Прочие производственные
20,D,Амортизация,Амортизация
26,D,ФОТ,Управленческие расходы
26,D,Страховые взносы,Управленческие расходы
26,D,Аренда,Управленческие расходы
26,D,Прочие управленческие,Управленческие расходы
26,D,Амортизация,Амортизация
44,D,Доставка,Коммерческие расходы
44,D,Маркетинг,Коммерческие расходы
91.01,C,Проценты к получению,Проценты
91.02,D,Проценты к уплате,Проценты
91.01,C,Прочие доходы,Прочие доходы и расходы
91.02,D,Прочие расходы,Прочие доходы и расходы
91.02,D,Списание запасов,Прочие доходы и расходы
99,D,Налог на прибыль,Налог на прибыль
99,C,Налог на прибыль,Налог на прибыль
20,C,,тех
26,C,,тех
44,C,,тех
90.02,D,,тех
90.07,D,,тех
90.08,D,,тех
90.09,D,,тех
90.09,C,,тех
91.09,D,,тех
91.09,C,,тех
99,D,,тех
99,C,,тех
